settlement_date,settlement_period,nd,tsd,england_wales_demand,embedded_wind_generation,embedded_wind_capacity,embedded_solar_generation,embedded_solar_capacity,non_bm_stor,pump_storage_pumping,scottish_transfer,ifa_flow,ifa2_flow,britned_flow,moyle_flow,east_west_flow,nemo_flow,nsl_flow,eleclink_flow,viking_flow
2024-01-01,1,21783,23466,19539,2804,6488,0,15905,0,808,-71,417,-4,666,-179,-92,905,62,998,572
2024-01-01,2,22521,24103,20286,2834,6488,0,15905,0,895,288,430,-4,661,-60,-8,901,-15,998,575
2024-01-01,3,22194,24754,20070,2868,6488,0,15905,0,1441,466,834,-4,661,-118,-1,807,-396,997,422
2024-01-01,4,21510,24505,19424,2901,6488,0,15905,0,1564,262,839,-4,661,-270,-84,803,-473,997,401
2024-01-01,5,20619,23977,18674,2933,6488,0,15905,0,1454,595,53,-5,661,-340,-103,537,-856,998,28
2024-01-01,6,20099,23775,18184,2965,6488,0,15905,0,1555,888,18,-5,661,-340,-241,526,-935,999,-4
2024-01-01,7,19345,23474,17561,2987,6488,0,15905,0,1530,988,361,-5,546,-340,-326,414,-1328,995,-341
2024-01-01,8,18743,23061,16968,3008,6488,0,15905,0,1521,793,381,-5,541,-340,-470,411,-1382,995,-367
2024-01-01,9,18365,22732,16612,3000,6488,0,15905,0,1526,1087,225,-5,271,-340,-452,596,-1444,994,-432
2024-01-01,10,18128,22501,16442,2992,6488,0,15905,0,1500,1217,235,-5,259,-340,-477,602,-1451,969,-438
2024-01-01,11,18079,22495,16430,2929,6488,0,15905,0,1491,1290,1057,-5,293,-340,-528,584,-1452,113,-503
2024-01-01,12,18189,22596,16565,2865,6488,0,15905,0,1480,1152,1113,-5,294,-340,-529,583,-1453,62,-507
2024-01-01,13,18847,23238,17203,2769,6488,0,15905,0,1464,1280,1404,-5,129,-340,-529,796,-1453,169,-486
2024-01-01,14,19287,23660,17616,2673,6488,0,15905,0,1446,1539,1425,-5,117,-340,-529,803,-1453,183,-484
2024-01-01,15,19917,23878,18213,2603,6488,0,15905,0,1035,1619,1602,-4,103,-340,-529,691,-1453,394,-573
2024-01-01,16,20395,23998,18677,2532,6488,0,15905,0,630,1435,1618,-4,102,-405,-528,687,-1436,416,-571
2024-01-01,17,21582,24790,19824,2448,6488,0,15905,0,407,1145,1892,-4,151,-450,-529,988,-1218,686,-192
2024-01-01,18,22082,25030,20306,2363,6488,144,15905,0,205,1320,1909,-4,163,-450,-529,999,-1160,698,-149
2024-01-01,19,23168,25578,21239,2248,6488,699,15905,0,58,1257,1995,-4,417,-450,-529,999,-769,525,449
2024-01-01,20,23753,26052,21758,2133,6488,1462,15905,0,26,1280,2000,-4,424,-450,-529,999,-690,526,498
2024-01-01,21,24471,26631,22359,2030,6488,2160,15905,0,330,929,1999,-4,975,-388,-530,999,-308,969,761
2024-01-01,22,24864,26606,22683,1927,6488,2498,15905,0,18,649,2000,-4,1003,-350,-530,999,-240,998,780
2024-01-01,23,25947,27435,23632,1844,6488,2731,15905,0,17,634,2000,-4,1003,-337,-530,999,33,998,780
2024-01-01,24,26664,28121,24317,1761,6488,2406,15905,0,15,799,2000,-4,1003,-308,-530,999,97,998,780
2024-01-01,25,27852,29324,25408,1643,6488,2046,15905,0,13,897,2001,-4,1003,-325,-530,999,469,998,780
2024-01-01,26,28748,30225,26240,1525,6488,1860,15905,0,10,671,2000,-4,1004,-332,-531,999,545,998,780
2024-01-01,27,29377,30790,26831,1408,6488,1436,15905,0,7,541,2001,-4,1003,-271,-531,999,919,998,780
2024-01-01,28,30067,31369,27443,1291,6488,856,15905,0,7,364,2001,-4,1003,-220,-471,999,993,998,780
2024-01-01,29,30374,31735,27668,1242,6488,511,15905,0,8,216,2000,-4,1003,-235,-514,999,1353,998,780
2024-01-01,30,30972,32271,28180,1192,6488,210,15905,0,9,222,2000,-4,1003,-272,-414,999,1398,998,780
2024-01-01,31,31758,32988,28907,1231,6488,39,15905,0,11,300,2001,-4,1003,-235,-380,999,1399,998,780
2024-01-01,32,32493,33532,29557,1269,6488,0,15905,0,4,131,2000,-4,975,-196,-235,999,1398,998,780
2024-01-01,33,33787,34542,30682,1365,6488,0,15905,0,5,466,2000,-4,544,-64,-82,1018,1399,998,780
2024-01-01,34,34792,35546,31679,1461,6488,0,15905,0,3,676,2000,-4,544,-147,0,1019,1399,997,780
2024-01-01,35,34845,35637,31786,1590,6488,0,15905,0,4,900,2000,-4,950,-184,0,1019,1399,998,780
2024-01-01,36,34479,35281,31533,1719,6488,0,15905,0,5,1254,2000,-4,973,-193,0,1020,1399,997,780
2024-01-01,37,33608,34319,30891,1924,6488,0,15905,0,5,1512,2000,-4,530,-102,25,1019,1399,997,780
2024-01-01,38,32724,33573,30128,2128,6488,0,15905,0,6,1700,1999,-4,529,-188,-51,1019,1369,997,780
2024-01-01,39,31674,32416,29302,2338,6488,0,15905,0,11,2355,1999,-4,697,-118,-9,1019,995,997,780
2024-01-01,40,30525,31348,28321,2547,6488,0,15905,0,12,2846,1999,-4,709,-207,0,1019,919,997,767
2024-01-01,41,28786,29550,26661,2764,6488,0,15905,0,11,3450,1999,-4,569,-149,0,1019,545,997,251
2024-01-01,42,27781,28651,25740,2980,6488,0,15905,0,111,3865,1997,-4,539,-155,0,1019,470,997,208
2024-01-01,43,26182,27632,24362,3126,6488,0,15905,0,283,4545,1921,-4,-415,-148,0,948,96,997,5
2024-01-01,44,24879,26429,23296,3272,6488,0,15905,0,231,4370,1901,-4,-455,-203,-57,944,19,993,-23
2024-01-01,45,23495,24747,22053,3384,6488,0,15905,0,219,4980,1244,-4,112,-67,-4,589,-358,864,-747
2024-01-01,46,22352,24070,20978,3496,6488,0,15905,0,576,4661,1201,-4,122,-102,0,527,-436,855,-793
2024-01-01,47,20807,24390,19640,3668,6488,0,15905,0,740,5284,1090,-4,-532,-206,-64,-617,-820,822,-738
2024-01-01,48,20060,24309,18907,3840,6488,0,15905,0,974,4580,1060,-4,-621,-252,-210,-689,-899,822,-727
2024-01-02,1,20056,24045,18924,3781,6488,0,15905,0,977,4651,316,-4,-628,-322,-166,137,-1292,913,-485
2024-01-02,2,20391,24303,19310,3721,6488,0,15905,0,960,4698,274,-4,-627,-330,-43,181,-1348,920,-475
2024-01-02,3,20055,24401,19000,3630,6488,0,15905,0,699,4718,490,-4,-732,-330,-144,-397,-1440,994,-768
2024-01-02,4,19350,24288,18393,3539,6488,0,15905,0,1140,4380,512,-4,-735,-293,-295,-420,-1451,996,-794
2024-01-02,5,19219,23840,18219,3420,6488,0,15905,0,1212,4158,799,-4,-580,-328,-446,79,-1451,923,-794
2024-01-02,6,19001,23306,17888,3300,6488,0,15905,0,842,3587,816,-4,-579,-301,-528,102,-1451,918,-794
2024-01-02,7,18649,22999,17505,3110,6488,0,15905,0,919,3252,892,-4,-550,-330,-495,96,-1452,918,-794
2024-01-02,8,18530,23166,17315,2919,6488,0,15905,0,1184,3354,892,-5,-549,-330,-516,96,-1452,920,-794
2024-01-02,9,18450,23099,17226,2753,6488,0,15905,0,1189,3374,722,-5,-512,-330,-530,-31,-1452,994,-794
2024-01-02,10,18467,23025,17241,2587,6488,0,15905,0,1125,3269,714,-5,-511,-330,-530,-36,-1421,992,-783
2024-01-02,11,18986,23203,17625,2438,6488,0,15905,0,1178,3250,802,-5,-547,-330,-530,15,-1027,791,-326
2024-01-02,12,19601,23724,18228,2288,6488,0,15905,0,1162,3466,828,-4,-549,-330,-530,17,-948,783,-289
2024-01-02,13,21950,25216,20389,2185,6488,0,15905,0,405,3469,1552,-4,-837,-330,-530,0,-560,985,-135
2024-01-02,14,23605,26429,22045,2082,6488,0,15905,0,22,3779,1610,-4,-849,-336,-531,7,-482,998,-111
2024-01-02,15,26131,28582,24449,2012,6488,0,15905,0,21,3525,1959,-4,-762,-431,-530,580,-103,998,261
2024-01-02,16,27603,29999,25897,1942,6488,0,15905,0,95,3751,1981,-4,-691,-450,-530,610,-26,998,300
2024-01-02,17,29817,31589,28033,1877,6488,0,15905,0,188,3745,2001,-4,399,-450,-530,928,349,998,744
2024-01-02,18,31783,33387,29923,1812,6488,0,15905,0,19,3699,2002,-4,453,-450,-531,941,425,998,773
2024-01-02,19,33278,34876,31316,1786,6488,14,15905,0,14,3632,2001,-4,481,-450,-530,901,797,998,759
2024-01-02,20,34146,35743,32089,1759,6488,70,15905,0,12,3466,2001,-4,483,-450,-531,900,850,998,749
2024-01-02,21,34541,36142,32324,1756,6488,119,15905,0,16,3083,2001,-4,418,-450,-531,967,938,998,749
2024-01-02,22,34830,36425,32517,1753,6488,204,15905,0,11,2639,2001,-4,422,-450,-530,969,979,998,750
2024-01-02,23,34943,36539,32503,1766,6488,285,15905,0,12,2318,1198,-4,928,-450,-530,998,1352,999,773
2024-01-02,24,35516,37112,33005,1779,6488,388,15905,0,15,2341,1814,-4,942,-450,-527,1000,1399,998,773
2024-01-02,25,36134,37622,33577,1841,6488,417,15905,0,13,2333,2000,-4,601,-450,-421,999,1398,997,773
2024-01-02,26,36280,37628,33632,1903,6488,440,15905,0,11,2230,2000,-4,599,-450,-283,999,1399,997,773
2024-01-02,27,36082,37278,33379,1965,6488,497,15905,0,11,1941,2000,-4,473,-449,-132,999,1399,997,773
2024-01-02,28,35681,36792,33041,2027,6488,682,15905,0,14,1688,2000,-4,467,-422,-71,999,1398,997,768
2024-01-02,29,35320,36347,32669,2086,6488,517,15905,0,13,1505,2000,-4,131,-401,-9,999,1398,998,615
2024-01-02,30,35326,36361,32648,2145,6488,344,15905,0,13,1241,2001,-4,119,-326,-92,999,1395,997,605
2024-01-02,31,35716,36783,32983,2201,6488,197,15905,0,11,1051,2002,-4,670,-332,-120,999,1361,998,627
2024-01-02,32,35966,37194,33175,2257,6488,37,15905,0,9,854,2002,-4,700,-345,-270,999,1359,998,633
2024-01-02,33,36546,37911,33601,2330,6488,0,15905,0,6,720,2001,-4,327,-444,-311,1016,1393,998,742
2024-01-02,34,37536,38922,34487,2403,6488,0,15905,0,4,716,2001,-4,333,-407,-371,1017,1397,998,436
2024-01-02,35,38382,39946,35312,2417,6488,0,15905,0,4,616,2000,-4,967,-449,-507,1019,1397,997,0
2024-01-02,36,38399,39987,35362,2431,6488,0,15905,0,4,746,2001,-4,1003,-450,-530,1019,1397,997,0
2024-01-02,37,37716,39306,34775,2426,6488,0,15905,0,6,775,2001,-4,945,-450,-530,1019,1393,998,0
2024-01-02,38,36581,38173,33718,2421,6488,0,15905,0,8,1011,2000,-4,944,-450,-530,1019,1392,997,0
2024-01-02,39,35256,36854,32489,2412,6488,0,15905,0,14,1194,2000,-4,1001,-450,-530,1019,1390,998,0
2024-01-02,40,33905,35501,31298,2403,6488,0,15905,0,12,1264,2000,-4,993,-450,-530,1019,1369,997,0
2024-01-02,41,32805,34401,30315,2395,6488,0,15905,0,11,1337,2000,-4,735,-450,-531,1014,1113,997,0
2024-01-02,42,32022,33615,29651,2386,6488,0,15905,0,9,1460,2000,-4,734,-450,-530,1013,1051,997,0
2024-01-02,43,30514,32107,28281,2367,6488,0,15905,0,10,1679,2000,-4,728,-450,-529,1000,678,997,0
2024-01-02,44,29159,30755,26995,2347,6488,0,15905,0,12,1547,2000,-4,728,-450,-530,999,602,997,0
2024-01-02,45,27828,29424,25717,2345,6488,0,15905,0,11,1621,2000,-4,712,-450,-531,999,228,997,645
2024-01-02,46,26171,27772,24229,2343,6488,0,15905,0,16,1626,1997,-4,704,-450,-531,999,179,997,777
2024-01-02,47,24093,26209,22276,2305,6488,0,15905,0,588,1806,1746,-4,478,-450,-474,905,138,997,777
2024-01-02,48,23226,25654,21495,2267,6488,0,15905,0,870,1746,1733,-4,478,-435,-519,901,162,997,777
2024-01-03,1,23097,25678,21471,2250,6488,0,15905,0,1122,1611,1769,-4,544,-339,-516,901,534,997,777
2024-01-03,2,23277,25865,21682,2232,6488,0,15905,0,1252,1786,1772,-4,554,-330,-402,901,585,997,777
2024-01-03,3,23085,25665,21522,2210,6488,0,15905,0,1250,1846,1844,-4,758,-330,-396,906,641,985,777
2024-01-03,4,22707,25488,21155,2187,6488,0,15905,0,1328,1910,1848,-4,757,-330,-519,906,618,997,773
2024-01-03,5,22296,24908,20869,2140,6488,0,15905,0,1147,2132,1898,-4,381,-330,-531,906,244,997,576
2024-01-03,6,22044,24703,20646,2093,6488,0,15905,0,1193,2142,1900,-4,364,-331,-531,906,185,997,556
2024-01-03,7,21820,24513,20414,2085,6488,0,15905,0,1227,2177,1900,-4,321,-331,-531,906,17,997,325
2024-01-03,8,21486,24166,20059,2076,6488,0,15905,0,1214,2249,1895,-4,319,-331,-531,906,22,997,306
2024-01-03,9,21363,23954,19953,2050,6488,0,15905,0,1125,2341,1713,-4,291,-331,-531,902,339,997,154
2024-01-03,10,21484,24160,20092,2024,6488,0,15905,0,1210,2489,1697,-4,290,-331,-531,901,408,998,150
2024-01-03,11,21865,24312,20415,1992,6488,0,15905,0,980,2506,1447,-5,317,-331,-531,807,780,998,437
2024-01-03,12,22701,24892,21167,1959,6488,0,15905,0,726,2510,1445,-4,318,-330,-531,803,856,996,460
2024-01-03,13,25087,26769,23392,1899,6488,0,15905,0,175,2425,1824,-4,610,-372,-531,757,1229,944,531
2024-01-03,14,27083,28660,25304,1839,6488,0,15905,0,22,2266,1851,-4,611,-438,-513,756,1284,942,546
2024-01-03,15,29473,30854,27504,1800,6488,0,15905,0,19,2458,1898,-4,301,-343,-415,839,1386,994,766
2024-01-03,16,30770,32323,28726,1761,6488,0,15905,0,13,2087,1903,-4,305,-429,-507,843,1399,998,780
2024-01-03,17,32399,33995,30253,1721,6488,3,15905,0,12,1982,1994,-4,825,-450,-530,933,1398,998,780
2024-01-03,18,33463,35058,31185,1680,6488,178,15905,0,11,2349,2000,-4,851,-450,-530,936,1398,997,780
2024-01-03,19,33798,35392,31380,1679,6488,510,15905,0,9,2514,2000,-4,948,-450,-531,959,1397,998,780
2024-01-03,20,33880,35473,31420,1678,6488,851,15905,0,8,2569,2000,-4,954,-450,-531,960,1397,997,780
2024-01-03,21,33965,35559,31434,1685,6488,1266,15905,0,9,2533,2000,-4,1001,-450,-531,998,1398,997,780
2024-01-03,22,34154,35730,31559,1692,6488,1625,15905,0,9,2406,2000,-4,1003,-450,-513,999,1398,997,780
2024-01-03,23,34057,35467,31433,1699,6488,1695,15905,0,12,2106,2000,-4,1003,-409,-385,999,1399,996,780
2024-01-03,24,34036,35322,31417,1706,6488,1855,15905,0,9,2205,1999,-4,1003,-371,-302,999,1399,996,780
2024-01-03,25,34751,36021,32051,1704,6488,2043,15905,0,9,2029,2000,-4,1003,-447,-210,999,1399,997,780
2024-01-03,26,35116,36377,32406,1702,6488,1803,15905,0,9,1985,2000,-4,1003,-433,-215,999,1399,997,780
2024-01-03,27,34955,36010,32255,1697,6488,1786,15905,0,8,1987,2000,-4,1003,-370,-73,999,1399,997,780
2024-01-03,28,35090,36081,32385,1692,6488,1499,15905,0,6,1864,2000,-4,998,-381,0,999,1399,997,780
2024-01-03,29,35488,36347,32855,1704,6488,1022,15905,0,6,2514,2000,-4,451,-249,0,999,1399,998,780
2024-01-03,30,35654,36535,33041,1716,6488,627,15905,0,14,2587,2000,-4,407,-263,0,999,1398,998,780
2024-01-03,31,35789,36978,33150,1776,6488,245,15905,0,12,2496,2000,-4,-400,-173,0,999,1398,997,780
2024-01-03,32,36633,37785,33977,1835,6488,39,15905,0,8,2628,2000,-4,-459,-81,0,999,1397,997,780
2024-01-03,33,37642,39240,34768,1856,6488,0,15905,0,6,2997,2001,-4,-988,32,56,1018,1397,997,780
2024-01-03,34,38661,40285,35512,1876,6488,0,15905,0,6,3060,2000,-4,-1014,133,11,1019,1397,997,780
2024-01-03,35,39360,40561,36147,1899,6488,0,15905,0,6,2733,2000,-4,-591,29,0,1019,1397,997,780
2024-01-03,36,39562,40706,36347,1921,6488,0,15905,0,6,2758,1999,-4,-534,29,0,1019,1397,997,780
2024-01-03,37,39380,40526,36257,1935,6488,0,15905,0,8,3008,1999,-4,-534,155,0,934,1397,997,780
2024-01-03,38,38312,39437,35295,1949,6488,0,15905,0,16,2905,2000,-4,-505,83,0,930,1397,997,780
2024-01-03,39,37641,38277,34727,1961,6488,0,15905,0,16,2696,1999,-4,448,-16,0,1016,1397,997,780
2024-01-03,40,36378,37142,33660,1973,6488,0,15905,0,13,2672,2000,-4,519,-147,0,1019,1397,997,780
2024-01-03,41,35027,36006,32383,1989,6488,0,15905,0,13,2596,1999,-4,981,-298,-64,1019,1397,997,780
2024-01-03,42,33488,34748,30991,2005,6488,0,15905,0,13,2608,1999,-4,1002,-431,-212,1019,1397,997,780
2024-01-03,43,32094,33359,29732,2013,6488,0,15905,0,11,2697,2000,-4,1003,-451,-199,1000,1397,997,780
2024-01-03,44,30431,31718,28202,2020,6488,0,15905,0,11,2734,1986,-4,1003,-451,-221,999,1397,998,778
2024-01-03,45,28309,29677,26200,2014,6488,0,15905,0,10,2810,1583,-4,813,-451,-303,953,1398,997,658
2024-01-03,46,26784,28020,24794,2007,6488,0,15905,0,14,2855,1533,-4,801,-450,-168,941,1398,997,649
2024-01-03,47,25182,26270,23277,1962,6488,0,15905,0,14,2949,927,-4,285,-437,-33,290,1398,998,649
2024-01-03,48,24088,25389,22241,1917,6488,0,15905,0,280,2922,883,-4,260,-417,0,256,1399,998,649
2024-01-04,1,23915,25600,22122,1896,6488,0,15905,0,747,3063,874,-4,157,-334,0,255,1399,997,649
2024-01-04,2,24456,26358,22697,1875,6488,0,15905,0,1081,3265,888,-4,152,-217,0,256,1398,998,649
2024-01-04,3,24144,26186,22383,1854,6488,0,15905,0,1196,2873,1288,-4,2,-242,0,441,1399,997,582
2024-01-04,4,23622,25866,21887,1832,6488,0,15905,0,1262,2474,1318,-4,0,-378,0,453,1398,997,575
2024-01-04,5,23318,26024,21596,1811,6488,0,15905,0,1515,2341,1330,-4,-98,-450,-39,975,1399,997,510
2024-01-04,6,22908,25603,21198,1789,6488,0,15905,0,1505,2343,1330,-4,-104,-450,-32,999,1387,997,506
2024-01-04,7,22456,25149,20736,1766,6488,0,15905,0,1486,2365,1282,-5,-104,-450,-48,953,1251,997,572
2024-01-04,8,22055,24733,20309,1742,6488,0,15905,0,1460,2174,1276,-5,-104,-450,-59,951,1211,997,577
2024-01-04,9,21733,24393,20034,1708,6488,0,15905,0,1463,2334,1167,-5,95,-450,-142,903,912,998,577
2024-01-04,10,21923,24707,20160,1673,6488,0,15905,0,1474,2321,1165,-5,102,-450,-255,901,886,991,577
2024-01-04,11,22201,25033,20500,1612,6488,0,15905,0,1452,2498,1361,-5,-185,-450,-140,787,1022,796,577
2024-01-04,12,23162,25670,21395,1551,6488,0,15905,0,1316,2474,1376,-5,-201,-373,-13,783,1052,783,577
2024-01-04,13,25595,27473,23637,1469,6488,0,15905,0,530,2879,1376,-4,-474,-270,0,642,1219,754,544
2024-01-04,14,27902,29681,25799,1387,6488,0,15905,0,315,2539,1358,-4,-489,-371,0,626,1210,747,525
2024-01-04,15,30670,32731,28381,1325,6488,0,15905,0,35,2314,678,-4,-989,-320,0,-57,837,544,-56
2024-01-04,16,32566,34819,30091,1263,6488,0,15905,0,17,2057,653,-4,-1015,-423,-8,-95,820,530,-91
2024-01-04,17,34051,36546,31431,1207,6488,4,15905,0,16,1828,1355,-4,-1014,-435,-125,-301,1193,487,0
2024-01-04,18,34973,37501,32270,1151,6488,219,15905,0,15,2028,1394,-4,-1014,-338,-277,-280,1250,488,1
2024-01-04,19,35773,38078,32920,1102,6488,867,15905,0,10,1771,1197,-4,-835,-428,-428,649,1381,620,162
2024-01-04,20,36018,38346,33077,1053,6488,1406,15905,0,7,1548,1187,-4,-740,-450,-527,710,1377,628,181
2024-01-04,21,35808,37399,32815,1002,6488,1788,15905,0,6,1376,1443,-4,-3,-450,-528,693,1131,624,214
2024-01-04,22,35590,37179,32579,951,6488,2036,15905,0,6,1358,1468,-4,0,-450,-529,692,1115,630,220
2024-01-04,23,35986,37573,32969,906,6488,2023,15905,0,4,932,1970,-4,0,-450,-529,698,1300,831,349
2024-01-04,24,36250,37839,33172,860,6488,1934,15905,0,6,882,2002,-4,0,-450,-529,698,1327,844,358
2024-01-04,25,36775,38364,33666,819,6488,1740,15905,0,6,767,2000,-4,111,-450,-529,902,1390,842,316
2024-01-04,26,37192,38778,34074,778,6488,1414,15905,0,4,798,1999,-4,117,-450,-528,909,1398,845,311
2024-01-04,27,37632,39220,34517,737,6488,1158,15905,0,5,836,1952,-4,409,-450,-529,942,1399,965,289
2024-01-04,28,37463,39053,34335,695,6488,808,15905,0,8,877,1951,-4,421,-450,-528,943,1394,973,287
2024-01-04,29,37784,39379,34642,683,6488,513,15905,0,12,1024,1998,-4,239,-450,-529,883,1333,957,287
2024-01-04,30,38332,39926,35145,670,6488,285,15905,0,11,1135,2000,-4,236,-450,-529,880,1298,957,274
2024-01-04,31,38282,40035,35069,682,6488,115,15905,0,5,1288,2000,-4,212,-450,-529,994,960,995,-165
2024-01-04,32,38487,40269,35228,694,6488,13,15905,0,5,1454,2000,-4,209,-450,-529,998,947,997,-194
2024-01-04,33,38978,41477,35624,714,6488,0,15905,0,5,1621,1999,-4,-803,-450,-529,1018,1320,997,-108
2024-01-04,34,40144,42869,36665,734,6488,0,15905,0,5,2045,1999,-4,-1007,-451,-529,1019,1368,997,-94
2024-01-04,35,40434,42520,36895,759,6488,0,15905,0,4,1761,1999,-4,-398,-451,-529,1019,1394,997,0
2024-01-04,36,40364,42358,36794,783,6488,0,15905,0,5,1634,1998,-4,-365,-452,-529,1019,1386,997,-21
2024-01-04,37,40394,42903,36898,791,6488,0,15905,0,5,1536,1998,-4,-210,-451,-529,1019,1237,997,-710
2024-01-04,38,39784,42314,36360,799,6488,0,15905,0,6,1369,1999,-4,-198,-452,-528,1019,1206,997,-742
2024-01-04,39,39368,41146,36049,804,6488,0,15905,0,13,1274,1998,-4,791,-451,-529,1019,1033,997,-181
2024-01-04,40,37830,39572,34650,808,6488,0,15905,0,12,1198,1998,-4,996,-452,-529,1019,1004,994,-145
2024-01-04,41,36300,38033,33186,828,6488,0,15905,0,12,1253,1998,-4,600,-452,-530,1019,907,893,-135
2024-01-04,42,35188,36917,32206,848,6488,0,15905,0,12,1328,1998,-4,581,-451,-531,1019,898,883,-131
2024-01-04,43,33630,35161,30750,863,6488,0,15905,0,12,1473,1940,-4,734,-374,-530,1000,925,768,-11
2024-01-04,44,31935,33404,29195,877,6488,0,15905,0,10,1662,1935,-4,741,-324,-531,999,904,759,0
2024-01-04,45,30025,31419,27477,896,6488,0,15905,0,8,1602,1775,-4,820,-252,-530,975,594,678,0
2024-01-04,46,28418,29761,26002,914,6488,0,15905,0,12,1351,1765,-4,825,-243,-484,974,585,681,0
2024-01-04,47,26754,28164,24470,910,6488,0,15905,0,10,922,1732,-4,766,-307,-489,809,957,978,0
2024-01-04,48,25622,27070,23389,905,6488,0,15905,0,42,529,1725,-4,763,-423,-379,803,1029,997,0
2024-01-05,1,25277,27062,23138,915,6488,0,15905,0,505,657,1609,-4,700,-442,-234,921,1358,997,130
2024-01-05,2,25724,27302,23589,925,6488,0,15905,0,528,723,1595,-4,695,-363,-83,925,1399,997,144
2024-01-05,3,25208,27166,23103,954,6488,0,15905,0,908,708,1418,-4,220,-411,-35,899,1399,997,164
2024-01-05,4,24640,27166,22615,983,6488,0,15905,0,1506,824,1403,-4,198,-414,-2,897,1369,997,167
2024-01-05,5,24113,26706,22149,1002,6488,0,15905,0,1505,894,1244,-4,239,-414,-70,768,995,997,102
2024-01-05,6,23843,26386,21863,1021,6488,0,15905,0,1520,803,1235,-4,239,-414,-5,764,921,997,97
2024-01-05,7,23208,25723,21231,1071,6488,0,15905,0,1492,820,1264,-4,169,-408,-11,780,564,997,97
2024-01-05,8,22624,25151,20644,1120,6488,0,15905,0,1486,869,1269,-4,166,-333,-104,780,491,997,86
2024-01-05,9,22149,24560,20213,1137,6488,0,15905,0,1476,955,1437,-4,135,-185,-19,841,118,997,-127
2024-01-05,10,21767,24078,19833,1153,6488,0,15905,0,1474,982,1447,-4,134,-81,0,843,67,988,-152
2024-01-05,11,21895,23810,19984,1153,6488,0,15905,0,874,1206,1496,-4,154,0,0,756,3,691,-437
2024-01-05,12,23676,24800,21678,1152,6488,0,15905,0,34,1052,1489,-4,155,-35,0,735,-6,676,-445
2024-01-05,13,26376,27096,24229,1124,6488,0,15905,0,15,872,1268,-4,130,-15,40,-53,-5,834,-28
2024-01-05,14,28562,29457,26217,1095,6488,0,15905,0,16,436,1235,-4,130,-143,0,-99,-32,833,-1
2024-01-05,15,31158,32668,28676,1092,6488,0,15905,0,52,324,690,-4,117,-290,-16,140,-368,435,-180
2024-01-05,16,32859,34367,30271,1089,6488,0,15905,0,16,220,676,-4,117,-315,-2,150,-383,414,-188
2024-01-05,17,34615,35789,31858,1093,6488,0,15905,0,14,-81,1415,-4,128,-433,-76,478,-47,565,57
2024-01-05,18,35692,36761,32803,1097,6488,74,15905,0,16,-6,1465,-4,129,-410,-34,492,-5,583,75
2024-01-05,19,36629,37861,33657,1118,6488,331,15905,0,13,-39,1463,-4,178,-450,-160,845,-5,896,186
2024-01-05,20,36692,37987,33686,1138,6488,638,15905,0,12,-242,1471,-4,180,-451,-223,859,-5,916,198
2024-01-05,21,36748,38098,33691,1138,6488,964,15905,0,12,-346,1684,-4,-96,-450,-183,685,-5,935,439
2024-01-05,22,36674,38034,33621,1138,6488,1304,15905,0,12,-329,1704,-4,-104,-451,-184,679,-5,936,454
2024-01-05,23,37130,38321,34022,1149,6488,1728,15905,0,12,-222,1957,-4,127,-394,-176,921,-5,944,476
2024-01-05,24,37240,38371,34054,1160,6488,2002,15905,0,12,-180,1970,-4,118,-378,-137,930,7,943,477
2024-01-05,25,37173,38520,34000,1182,6488,2119,15905,0,9,-147,1971,-4,-244,-387,-103,955,136,902,477
2024-01-05,26,37087,38483,33922,1203,6488,1958,15905,0,7,-85,1968,-4,-255,-379,-151,956,163,901,474
2024-01-05,27,36996,38619,33856,1198,6488,1735,15905,0,8,-72,1808,-4,-548,-407,-56,825,300,945,232
2024-01-05,28,36904,38590,33810,1193,6488,1457,15905,0,8,-28,1777,-4,-549,-408,-117,819,314,947,210
2024-01-05,29,36333,37442,33230,1179,6488,1033,15905,0,7,319,1169,-4,-198,-278,-22,475,277,909,13
2024-01-05,30,36274,37402,33215,1165,6488,581,15905,0,10,568,1143,-4,-156,-340,-18,466,254,905,0
2024-01-05,31,37043,38096,33937,1175,6488,254,15905,0,12,430,1833,-4,480,-332,-105,961,25,885,59
2024-01-05,32,37497,38454,34373,1185,6488,49,15905,0,12,569,1867,-4,548,-201,-140,984,16,887,85
2024-01-05,33,38136,39310,34883,1176,6488,0,15905,0,10,557,1499,-4,325,-278,-282,970,266,968,531
2024-01-05,34,39330,40500,35944,1167,6488,0,15905,0,5,338,1477,-4,325,-273,-288,969,322,974,560
2024-01-05,35,40025,41457,36467,1156,6488,0,15905,0,4,45,1628,-4,660,-403,-421,779,640,996,560
2024-01-05,36,39764,41287,36227,1145,6488,0,15905,0,5,193,1642,-4,699,-388,-526,772,663,997,560
2024-01-05,37,39352,40836,35900,1131,6488,0,15905,0,5,178,1818,-4,981,-399,-476,868,457,997,583
2024-01-05,38,38893,40387,35463,1116,6488,0,15905,0,6,312,1833,-4,993,-360,-524,871,461,996,589
2024-01-05,39,38048,39428,34765,1103,6488,0,15905,0,15,480,1991,-4,1003,-325,-436,1014,833,953,742
2024-01-05,40,36835,38268,33663,1089,6488,0,15905,0,12,379,2000,-4,1002,-411,-406,1019,885,948,744
2024-01-05,41,35475,36754,32374,1073,6488,0,15905,0,11,299,2000,-4,631,-398,-266,1019,952,862,367
2024-01-05,42,34214,35476,31247,1057,6488,0,15905,0,9,359,2000,-4,616,-451,-198,1019,981,859,338
2024-01-05,43,32909,34089,30014,1039,6488,0,15905,0,10,434,1996,-4,902,-450,-116,799,1243,952,338
2024-01-05,44,31446,32741,28708,1021,6488,0,15905,0,6,683,1996,-4,915,-450,-235,790,1246,959,336
2024-01-05,45,29858,31138,27273,1014,6488,0,15905,0,6,587,1958,-4,689,-450,-220,835,872,960,183
2024-01-05,46,28379,29767,25929,1007,6488,0,15905,0,6,486,1957,-4,681,-450,-328,836,855,962,184
2024-01-05,47,27017,28473,24635,995,6488,0,15905,0,6,492,1997,-4,990,-428,-418,994,1229,994,745
2024-01-05,48,25925,27179,23643,982,6488,0,15905,0,4,595,1999,-4,1003,-344,-302,999,1283,996,786
2024-01-06,1,25543,26532,23364,970,6488,0,15905,0,2,910,1999,-4,1003,-233,-150,999,1386,997,785
2024-01-06,2,25869,26605,23736,957,6488,0,15905,0,2,1041,1999,-4,1003,-112,-18,999,1399,996,786
2024-01-06,3,25517,26337,23433,947,6488,0,15905,0,2,882,1975,-4,1003,-214,0,999,1399,996,786
2024-01-06,4,24882,25834,22838,937,6488,0,15905,0,22,790,1974,-4,1003,-279,-47,999,1399,996,786
2024-01-06,5,24197,25825,22198,928,6488,0,15905,0,725,901,1998,-4,953,-260,-39,999,1399,996,785
2024-01-06,6,23685,25671,21749,918,6488,0,15905,0,1113,892,1999,-4,953,-260,-9,999,1399,996,786
2024-01-06,7,23400,25487,21451,939,6488,0,15905,0,1156,916,1956,-4,912,-260,-67,999,1399,996,786
2024-01-06,8,22820,24915,20893,960,6488,0,15905,0,1160,1007,1955,-4,888,-260,-71,999,1399,996,786
2024-01-06,9,22479,24534,20592,960,6488,0,15905,0,1158,1013,1998,-4,507,-260,-33,999,1399,996,785
2024-01-06,10,22311,24456,20445,960,6488,0,15905,0,1149,1058,1995,-4,507,-260,-132,999,1372,996,783
2024-01-06,11,22448,24174,20563,954,6488,0,15905,0,835,1015,1726,-4,492,-260,-27,956,1036,997,664
2024-01-06,12,22661,24201,20772,947,6488,0,15905,0,618,1010,1715,-4,491,-281,-37,954,999,997,650
2024-01-06,13,23815,24891,21811,918,6488,0,15905,0,133,1172,1860,-4,455,-339,0,913,1059,996,599
2024-01-06,14,24692,25739,22599,889,6488,0,15905,0,7,1224,1858,-4,453,-430,-6,911,1036,995,583
2024-01-06,15,25876,26937,23677,884,6488,0,15905,0,7,1438,1501,-4,373,-450,0,809,663,935,124
2024-01-06,16,26975,28087,24676,878,6488,0,15905,0,7,1611,1481,-4,361,-450,-51,805,622,930,87
2024-01-06,17,28475,30070,26059,878,6488,2,15905,0,5,1718,1636,-4,-381,-435,-170,623,693,892,0
2024-01-06,18,29642,31250,27129,878,6488,148,15905,0,6,1575,1636,-4,-430,-338,-230,616,731,892,1
2024-01-06,19,30820,32608,28156,888,6488,765,15905,0,6,1313,1418,-4,-392,-428,-358,746,1103,991,137
2024-01-06,20,31278,33022,28492,898,6488,1613,15905,0,6,1147,1404,-4,-390,-431,-313,751,1166,998,144
2024-01-06,21,31296,32999,28447,891,6488,2531,15905,0,6,1057,1328,-4,-214,-450,-429,674,1372,998,144
2024-01-06,22,31006,32733,28124,883,6488,3139,15905,0,6,1000,993,-4,-199,-450,-468,671,1398,997,142
2024-01-06,23,30992,32575,28050,890,6488,3345,15905,0,8,685,995,-4,289,-450,-521,484,1398,998,12
2024-01-06,24,31102,32659,28096,897,6488,3627,15905,0,10,663,967,-4,320,-450,-493,477,1382,998,4
2024-01-06,25,31187,32777,28175,905,6488,3541,15905,0,5,784,674,-4,446,-450,-531,558,1183,998,136
2024-01-06,26,31220,32817,28216,912,6488,3346,15905,0,12,575,1499,-4,454,-450,-531,560,1164,997,143
2024-01-06,27,31657,33250,28668,904,6488,2952,15905,0,8,630,1499,-4,511,-450,-531,713,1226,997,8
2024-01-06,28,31959,33554,28991,895,6488,2263,15905,0,10,589,1499,-4,513,-450,-531,719,1205,997,0
2024-01-06,29,32000,33656,29002,877,6488,1854,15905,0,10,566,1498,-4,394,-450,-531,960,854,996,-61
2024-01-06,30,32359,34026,29365,859,6488,1327,15905,0,16,698,1499,-4,392,-450,-531,969,819,996,-66
2024-01-06,31,33011,34589,29967,879,6488,578,15905,0,16,573,1499,-4,504,-450,-508,949,935,998,0
2024-01-06,32,33938,35512,30845,898,6488,98,15905,0,12,774,1499,-4,511,-443,-515,948,979,997,20
2024-01-06,33,35685,37280,32392,914,6488,0,15905,0,10,475,1498,-4,939,-450,-531,992,1352,997,624
2024-01-06,34,37175,38769,33810,930,6488,0,15905,0,9,724,1499,-4,959,-450,-531,994,1399,997,666
2024-01-06,35,38215,39806,34691,940,6488,0,15905,0,6,816,1498,-4,956,-450,-531,1018,1399,997,775
2024-01-06,36,38526,40115,35008,950,6488,0,15905,0,4,972,1499,-4,958,-450,-531,1019,1399,998,784
2024-01-06,37,38188,39778,34724,945,6488,0,15905,0,5,929,1499,-4,958,-450,-531,980,1399,998,741
2024-01-06,38,37321,38915,33862,939,6488,0,15905,0,9,501,1499,-4,957,-450,-531,979,1399,997,734
2024-01-06,39,36264,37861,32895,927,6488,0,15905,0,12,252,1495,-4,991,-450,-531,1018,1399,997,625
2024-01-06,40,35425,37024,32206,914,6488,0,15905,0,14,265,1487,-4,994,-450,-531,1019,1375,997,613
2024-01-06,41,34511,36104,31372,910,6488,0,15905,0,8,332,1487,-4,921,-450,-531,1019,1085,997,439
2024-01-06,42,33295,34868,30282,905,6488,0,15905,0,6,427,1498,-4,916,-432,-531,1019,1055,995,426
2024-01-06,43,31761,33175,28902,893,6488,0,15905,0,5,471,1499,-4,574,-319,-486,1000,1140,907,458
2024-01-06,44,30578,32101,27812,880,6488,0,15905,0,2,427,1499,-4,560,-403,-514,999,1121,897,459
2024-01-06,45,29526,30988,26825,874,6488,0,15905,0,2,283,1499,-4,691,-438,-418,904,748,747,250
2024-01-06,46,28281,29831,25618,868,6488,0,15905,0,2,298,1498,-4,696,-436,-508,900,718,743,243
2024-01-06,47,26801,28387,24311,832,6488,0,15905,0,2,216,1498,-4,839,-449,-531,921,924,968,597
2024-01-06,48,25758,27343,23310,795,6488,0,15905,0,2,-80,1498,-4,849,-450,-529,921,978,982,621
2024-01-07,1,25833,27420,23457,785,6488,0,15905,0,2,-278,1498,-4,982,-450,-531,997,1352,995,577
2024-01-07,2,26162,27864,23835,775,6488,0,15905,0,132,-579,1498,-4,988,-450,-516,999,1399,997,574
2024-01-07,3,25654,27689,23385,783,6488,0,15905,0,562,-606,1498,-4,1003,-450,-419,952,1399,996,704
2024-01-07,4,24945,27338,22749,791,6488,0,15905,0,831,-595,1498,-4,1003,-450,-508,950,1396,996,716
2024-01-07,5,24404,26843,22246,790,6488,0,15905,0,854,-635,1498,-4,882,-450,-531,926,1360,997,694
2024-01-07,6,24148,26589,21972,789,6488,0,15905,0,856,-597,1498,-4,881,-450,-531,925,1334,996,690
2024-01-07,7,23565,26322,21392,828,6488,0,15905,0,1172,-530,1498,-4,702,-450,-531,877,1060,996,669
2024-01-07,8,23124,25893,20944,866,6488,0,15905,0,1184,-695,1498,-4,695,-450,-531,875,1015,996,669
2024-01-07,9,22808,25862,20615,874,6488,0,15905,0,1469,-679,1498,-4,865,-450,-531,947,878,997,756
2024-01-07,10,22525,25591,20321,881,6488,0,15905,0,1481,-760,1498,-4,871,-450,-531,949,861,996,758
2024-01-07,11,22764,25630,20489,881,6488,0,15905,0,1281,-762,1498,-4,817,-450,-531,938,857,996,520
2024-01-07,12,22759,25568,20493,880,6488,0,15905,0,1224,-538,1498,-4,816,-450,-531,937,850,996,500
2024-01-07,13,23540,26206,21253,844,6488,0,15905,0,1151,-362,1498,-4,887,-450,-461,937,762,996,435
2024-01-07,14,24153,26722,21843,808,6488,0,15905,0,1055,-309,1498,-4,890,-450,-460,937,721,994,423
2024-01-07,15,25018,26849,22606,800,6488,0,15905,0,348,186,1499,-4,779,-450,-429,738,348,932,160
2024-01-07,16,25810,27303,23330,791,6488,0,15905,0,174,310,1499,-4,771,-434,-281,732,309,930,147
2024-01-07,17,27411,28764,24795,780,6488,1,15905,0,10,26,1497,-4,721,-441,-298,950,402,992,388
2024-01-07,18,28673,29911,25966,768,6488,119,15905,0,7,-11,1498,-4,720,-360,-267,958,419,996,410
2024-01-07,19,29973,31416,27137,774,6488,671,15905,0,7,-211,1497,-4,949,-441,-391,998,490,997,582
2024-01-07,20,30830,32288,27893,779,6488,1307,15905,0,7,-257,1498,-4,957,-450,-397,999,529,997,597
2024-01-07,21,31644,33217,28573,784,6488,2031,15905,0,7,-162,1498,-4,822,-450,-512,999,902,997,661
2024-01-07,22,31876,33468,28736,789,6488,2418,15905,0,7,-370,1497,-4,817,-450,-531,999,978,997,669
2024-01-07,23,32237,33829,29013,795,6488,2851,15905,0,7,-533,1497,-4,915,-450,-531,931,1351,997,736
2024-01-07,24,32565,34157,29277,801,6488,2965,15905,0,7,-654,1497,-4,921,-450,-531,928,1399,997,741
2024-01-07,25,33096,34691,29745,802,6488,2977,15905,0,10,-690,1497,-4,1000,-450,-531,997,1399,997,782
2024-01-07,26,33529,35124,30137,802,6488,2624,15905,0,10,-405,1471,-4,1004,-450,-531,999,1398,997,786
2024-01-07,27,33617,35211,30271,797,6488,2198,15905,0,9,-196,481,-4,1003,-450,-531,999,1399,998,786
2024-01-07,28,33665,35258,30328,791,6488,1836,15905,0,8,-115,566,-4,1003,-450,-531,999,1376,998,783
2024-01-07,29,34205,35800,30887,765,6488,1429,15905,0,10,-170,1946,-4,983,-450,-531,999,1098,996,630
2024-01-07,30,35053,36648,31674,738,6488,1006,15905,0,10,-188,1999,-4,982,-450,-531,999,1069,997,609
2024-01-07,31,35839,37435,32397,727,6488,390,15905,0,11,-330,1999,-4,1003,-450,-531,999,1128,996,261
2024-01-07,32,36726,38328,33225,715,6488,74,15905,0,17,-356,1999,-4,1002,-450,-531,999,1153,997,239
2024-01-07,33,38233,39833,34526,719,6488,0,15905,0,14,-592,1999,-4,1003,-451,-531,876,1370,997,437
2024-01-07,34,40090,41686,36231,723,6488,0,15905,0,9,-230,1999,-4,1003,-452,-531,871,1397,997,459
2024-01-07,35,41102,42699,37187,733,6488,0,15905,0,10,-173,1999,-4,1003,-452,-531,1014,1398,997,754
2024-01-07,36,41154,42751,37217,742,6488,0,15905,0,10,-131,1999,-4,1003,-452,-531,1019,1398,997,775
2024-01-07,37,40475,42073,36694,744,6488,0,15905,0,11,22,1998,-4,1004,-452,-531,1019,1397,997,783
2024-01-07,38,39806,41405,36076,745,6488,0,15905,0,13,-439,1998,-4,1003,-451,-531,1019,1397,997,786
2024-01-07,39,38676,40274,35034,737,6488,0,15905,0,11,-730,1998,-4,1003,-452,-531,1018,1398,997,773
2024-01-07,40,37315,38908,33828,728,6488,0,15905,0,7,-626,1998,-4,1004,-451,-531,1018,1391,997,763
2024-01-07,41,36166,37759,32732,731,6488,0,15905,0,7,-563,1998,-4,1003,-451,-531,1019,1302,997,763
2024-01-07,42,34837,36402,31551,733,6488,0,15905,0,7,-410,1998,-4,1003,-451,-503,1019,1262,995,759
2024-01-07,43,33126,34553,29978,733,6488,0,15905,0,3,-310,1951,-4,740,-443,-377,819,890,936,585
2024-01-07,44,31720,33178,28718,732,6488,0,15905,0,2,-213,1946,-4,729,-450,-402,812,814,928,572
2024-01-07,45,30206,31558,27303,741,6488,0,15905,0,2,-131,1795,-4,821,-451,-295,872,440,771,528
2024-01-07,46,28416,29846,25674,749,6488,0,15905,0,2,1,1791,-4,825,-451,-373,874,423,767,528
2024-01-07,47,26741,28132,24150,757,6488,0,15905,0,2,-29,1905,-4,872,-406,-379,995,797,967,681
2024-01-07,48,25843,27115,23360,765,6488,0,15905,0,48,145,1916,-4,876,-360,-260,999,873,979,693
2024-01-08,1,25765,27690,23345,770,6488,0,15905,0,615,214,1975,-4,1002,-371,-335,977,1246,970,735
2024-01-08,2,26291,28227,23869,775,6488,0,15905,0,711,217,1976,-4,1003,-371,-250,976,1299,968,739
2024-01-08,3,25999,28246,23619,782,6488,0,15905,0,968,314,1929,-4,1003,-371,-304,998,1388,911,719
2024-01-08,4,25375,27708,23034,789,6488,0,15905,0,1165,248,1928,-4,1003,-371,-193,999,1398,907,715
2024-01-08,5,24984,27616,22700,811,6488,0,15905,0,1479,73,1995,-4,1002,-371,-178,999,1393,958,716
2024-01-08,6,24791,27483,22497,832,6488,0,15905,0,1481,50,1998,-4,1003,-371,-236,999,1364,960,715
2024-01-08,7,24507,27053,22138,875,6488,0,15905,0,1463,-216,1987,-4,1004,-371,-108,999,1005,905,716
2024-01-08,8,24327,26911,21936,917,6488,0,15905,0,1461,-206,1975,-4,1001,-371,-148,999,931,900,708
2024-01-08,9,24109,26526,21744,956,6488,0,15905,0,1440,78,1488,-4,640,-315,-58,945,557,859,400
2024-01-08,10,24099,26322,21759,995,6488,0,15905,0,1305,215,1376,-4,581,-193,-121,919,504,842,369
2024-01-08,11,24475,25547,22150,1031,6488,0,15905,0,302,687,18,-4,-96,-46,-24,32,423,329,24
2024-01-08,12,25698,26646,23242,1067,6488,0,15905,0,7,531,-172,-4,-104,-28,0,-28,384,290,-5
2024-01-08,13,28529,31484,25860,1086,6488,0,15905,0,8,644,-982,-4,-630,37,56,-438,7,67,-293
2024-01-08,14,31599,34798,28655,1105,6488,0,15905,0,7,303,-1037,-4,-718,-28,11,-455,-38,42,-312
2024-01-08,15,34909,37932,31683,1143,6488,0,15905,0,7,235,-880,-4,-287,-169,-52,-399,-9,-369,-247
2024-01-08,16,36704,39715,33332,1180,6488,0,15905,0,6,96,-852,-4,-226,-294,-9,-397,25,-388,-235
2024-01-08,17,38617,40200,35031,1219,6488,1,15905,0,7,-214,-150,-4,95,-428,-49,-205,400,-125,-15
2024-01-08,18,39385,40816,35715,1258,6488,57,15905,0,6,-184,-80,-4,102,-412,-47,-186,435,-96,0
2024-01-08,19,40581,41831,36855,1335,6488,308,15905,0,8,-357,678,-4,332,-450,-188,501,294,329,0
2024-01-08,20,41047,42321,37247,1411,6488,709,15905,0,8,-579,736,-4,353,-451,-211,537,258,352,0
2024-01-08,21,40859,42171,37072,1512,6488,922,15905,0,8,-517,329,-4,355,-451,-249,316,25,198,0
2024-01-08,22,41015,42327,37202,1612,6488,1071,15905,0,8,-505,299,-4,355,-451,-246,306,-3,188,0
2024-01-08,23,41092,42530,37208,1707,6488,1147,15905,0,7,-528,297,-4,683,-451,-347,-29,8,240,0
2024-01-08,24,41342,42828,37467,1801,6488,1052,15905,0,8,-605,314,-4,719,-451,-376,-43,8,237,-4
2024-01-08,25,41508,43194,37610,1840,6488,1153,15905,0,8,-865,873,-4,992,-451,-297,-231,-3,31,-92
2024-01-08,26,41652,43324,37728,1879,6488,1070,15905,0,7,-859,904,-4,1004,-451,-273,-235,-5,19,-97
2024-01-08,27,41996,43347,38094,1855,6488,869,15905,0,7,-793,591,-4,1004,-450,-122,136,-5,19,-163
2024-01-08,28,41783,43063,37907,1831,6488,848,15905,0,7,-782,507,-4,1003,-450,-64,150,-5,15,-150
2024-01-08,29,41501,43398,37734,1783,6488,540,15905,0,7,-504,-776,-4,1004,-428,-1,-52,-5,-24,581
2024-01-08,30,41468,43541,37720,1734,6488,260,15905,0,8,-363,-924,-4,1003,-422,-29,-60,13,-26,614
2024-01-08,31,41318,43648,37571,1714,6488,103,15905,0,10,18,-995,-4,1003,-286,12,-315,223,-27,-93
2024-01-08,32,42207,44634,38414,1693,6488,21,15905,0,13,328,-978,-4,1004,-327,0,-324,254,-30,-151
2024-01-08,33,43397,45190,39534,1737,6488,0,15905,0,10,333,-129,-4,855,-432,-59,-75,304,-114,-370
2024-01-08,34,43764,45482,39818,1780,6488,0,15905,0,6,269,-97,-4,844,-357,-80,-66,312,-123,-385
2024-01-08,35,43272,45850,39280,1819,6488,0,15905,0,6,444,-691,-4,851,-441,-218,121,333,-276,-342
2024-01-08,36,43517,46261,39563,1858,6488,0,15905,0,6,798,-750,-4,852,-450,-330,128,318,-282,-322
2024-01-08,37,43146,45736,39326,1879,6488,0,15905,0,4,841,-1186,-4,998,-450,-226,317,101,-120,228
2024-01-08,38,42869,45482,39090,1899,6488,0,15905,0,6,637,-1196,-4,1003,-450,-241,324,69,-116,273
2024-01-08,39,42138,43926,38498,1912,6488,0,15905,0,12,435,-319,-4,927,-412,-141,193,4,-300,579
2024-01-08,40,40852,42740,37400,1925,6488,0,15905,0,16,461,-277,-4,924,-450,-225,186,-5,-311,600
2024-01-08,41,39341,41778,35946,1919,6488,0,15905,0,12,444,-693,-4,779,-450,-195,-237,-5,-241,578
2024-01-08,42,37535,39870,34319,1912,6488,0,15905,0,11,645,-726,-4,773,-450,-52,-254,24,-238,566
2024-01-08,43,35807,38113,32781,1899,6488,0,15905,0,8,837,-812,-4,795,-450,0,-140,369,-292,207
2024-01-08,44,33972,36352,31016,1886,6488,0,15905,0,8,884,-859,-4,795,-450,-24,-138,384,-297,179
2024-01-08,45,31606,35644,28865,1867,6488,0,15905,0,8,1086,-1961,-4,512,-450,-136,-525,39,-354,17
2024-01-08,46,29710,33819,27083,1847,6488,0,15905,0,11,847,-2035,-4,475,-450,-90,-540,-5,-370,-4
2024-01-08,47,27858,32756,25399,1904,6488,0,15905,0,319,885,-1665,-4,-183,-450,-15,-499,-6,-774,-383
2024-01-08,48,26696,31765,24292,1961,6488,0,15905,0,487,898,-1647,-4,-198,-415,0,-498,-6,-799,-415
2024-01-09,1,26515,31853,24152,1942,6488,0,15905,0,613,902,-1846,-4,-157,-393,0,-418,-7,-775,-525
2024-01-09,2,26953,32249,24604,1922,6488,0,15905,0,614,1053,-1855,-4,-167,-332,0,-415,-6,-771,-532
2024-01-09,3,26522,31778,24190,1913,6488,0,15905,0,608,901,-1665,-4,-493,-315,-61,-306,-6,-644,-554
2024-01-09,4,25954,31156,23623,1904,6488,0,15905,0,611,811,-1645,-4,-504,-315,-34,-302,-6,-627,-554
2024-01-09,5,25617,30730,23290,1889,6488,0,15905,0,785,826,-1308,-4,-784,-315,-156,-264,-7,-336,-554
2024-01-09,6,25276,30409,22951,1873,6488,0,15905,0,864,798,-1285,-4,-785,-315,-123,-263,-20,-318,-556
2024-01-09,7,24988,30124,22654,1892,6488,0,15905,0,858,825,-1242,-4,-662,-315,-8,-321,-183,-365,-578
2024-01-09,8,24636,29907,22324,1911,6488,0,15905,0,859,757,-1258,-4,-669,-315,-48,-327,-233,-376,-582
2024-01-09,9,24272,31526,22062,1924,6488,0,15905,0,677,929,-1843,-4,-1005,-315,-3,-838,-614,-643,-712
2024-01-09,10,24279,31610,22103,1937,6488,0,15905,0,560,1131,-1887,-4,-1003,-315,-18,-861,-692,-669,-722
2024-01-09,11,24801,32454,22644,1974,6488,0,15905,0,429,1253,-2042,-4,-524,-286,0,-915,-1079,-988,-786
2024-01-09,12,26105,33383,23760,2010,6488,0,15905,0,71,1101,-2049,-4,-500,-147,-41,-917,-1149,-1008,-792
2024-01-09,13,29024,36263,26536,2038,6488,0,15905,0,19,1435,-1979,-4,-449,3,55,-971,-1417,-1008,-792
2024-01-09,14,32000,39218,29278,2065,6488,0,15905,0,61,1759,-1963,-4,-430,145,11,-973,-1420,-992,-775
2024-01-09,15,35454,40172,32406,2087,6488,0,15905,0,13,1855,-1558,-4,207,82,0,-1019,-1027,-445,-52
2024-01-09,16,37210,41818,34027,2109,6488,0,15905,0,100,2028,-1530,-4,232,-21,0,-1003,-948,-401,-1
2024-01-09,17,38870,42226,35467,2148,6488,8,15905,0,13,1498,-1504,-4,727,-157,-50,-207,-561,-102,-158
2024-01-09,18,39459,42775,36077,2187,6488,245,15905,0,9,1491,-1501,-4,751,-275,-22,-160,-483,-90,-172
2024-01-09,19,40161,43380,36748,2279,6488,905,15905,0,8,1135,-1343,-4,921,-416,-127,233,-105,-338,-278
2024-01-09,20,39919,43143,36438,2371,6488,1849,15905,0,8,974,-1336,-4,935,-450,-108,248,-77,-356,-285
2024-01-09,21,39223,42795,35735,2452,6488,2763,15905,0,8,971,-1427,-4,1003,-450,-154,247,-319,-457,-153
2024-01-09,22,38510,42041,35014,2532,6488,3555,15905,0,8,832,-1443,-4,1003,-450,-67,247,-349,-457,-153
2024-01-09,23,38097,42213,34550,2591,6488,4061,15905,0,7,553,-1798,-4,1003,-450,-107,273,-353,-265,-532
2024-01-09,24,37635,41816,34089,2649,6488,4472,15905,0,7,490,-1814,-4,1002,-450,-136,275,-357,-255,-558
2024-01-09,25,37556,41673,34046,2642,6488,4778,15905,0,7,362,-1605,-4,1003,-450,-145,105,-405,-365,-536
2024-01-09,26,37248,41275,33769,2635,6488,4787,15905,0,7,495,-1589,-4,1003,-428,-65,99,-415,-381,-538
2024-01-09,27,37172,41563,33726,2549,6488,4514,15905,0,5,559,-1582,-4,1003,-300,0,4,-453,-668,-779
2024-01-09,28,37329,41688,33867,2462,6488,3987,15905,0,3,454,-1583,-4,1002,-257,0,0,-429,-686,-797
2024-01-09,29,37839,41906,34392,2360,6488,3244,15905,0,7,519,-1661,-4,928,-245,0,-41,-52,-660,-797
2024-01-09,30,38168,42326,34688,2258,6488,2273,15905,0,16,380,-1665,-4,926,-366,0,-43,-5,-662,-797
2024-01-09,31,38927,43240,35412,2213,6488,1090,15905,0,11,164,-1630,-4,1003,-450,-18,45,-5,-798,-797
2024-01-09,32,40422,44654,36806,2167,6488,218,15905,0,7,317,-1609,-4,1002,-415,-2,49,-5,-796,-794
2024-01-09,33,41102,44222,37322,2169,6488,2,15905,0,9,355,-891,-4,817,-450,-101,2,-5,-441,-619
2024-01-09,34,42388,45564,38514,2171,6488,0,15905,0,6,464,-849,-4,814,-450,-241,1,-5,-419,-602
2024-01-09,35,43114,46402,39051,2178,6488,0,15905,0,6,374,-955,-4,991,-450,-393,275,-5,-402,-473
2024-01-09,36,43561,46854,39502,2185,6488,0,15905,0,6,211,-972,-4,1004,-450,-393,286,-5,-400,-463
2024-01-09,37,43213,46718,39288,2173,6488,0,15905,0,6,128,-1332,-4,976,-450,-242,414,-5,-383,-483
2024-01-09,38,42743,46099,38908,2160,6488,0,15905,0,6,266,-1346,-4,974,-436,-91,419,-5,-383,-485
2024-01-09,39,42441,45146,38744,2119,6488,0,15905,0,10,725,-976,-4,1004,-339,-1,626,-5,-393,-377
2024-01-09,40,41221,44009,37660,2077,6488,0,15905,0,18,716,-968,-4,1003,-419,0,626,-5,-397,-377
2024-01-09,41,39863,43592,36297,2050,6488,0,15905,0,12,679,-1524,-4,987,-327,0,30,-5,-483,-774
2024-01-09,42,38347,42084,34893,2022,6488,0,15905,0,12,751,-1565,-4,986,-232,-10,-10,-5,-496,-803
2024-01-09,43,36463,41192,33178,1984,6488,0,15905,0,12,919,-1836,-4,594,-82,0,-656,-6,-730,-803
2024-01-09,44,34378,39082,31313,1945,6488,0,15905,0,12,1144,-1846,-4,554,4,0,-688,-7,-744,-803
2024-01-09,45,32265,36914,29301,1917,6488,0,15905,0,11,1424,-1684,-4,105,103,0,-822,-6,-719,-803
2024-01-09,46,29876,34607,27118,1889,6488,0,15905,0,61,1613,-1684,-4,103,109,0,-827,-36,-716,-803
2024-01-09,47,28156,34838,25662,1905,6488,0,15905,0,561,1510,-1918,-4,-621,40,-63,-1005,-412,-695,-803
2024-01-09,48,26668,33982,24272,1921,6488,0,15905,0,742,1092,-1936,-4,-744,-110,-197,-1011,-472,-695,-803
2024-01-10,1,26359,34116,24057,1891,6488,0,15905,0,898,1034,-1880,-4,-857,-249,-111,-968,-640,-747,-803
2024-01-10,2,27118,34800,24862,1861,6488,0,15905,0,892,1211,-1875,-4,-859,-275,-4,-966,-654,-750,-803
2024-01-10,3,26983,34596,24743,1813,6488,0,15905,0,899,1479,-1797,-4,-1014,-275,0,-966,-566,-710,-782
2024-01-10,4,26350,34174,24206,1764,6488,0,15905,0,1143,1648,-1790,-4,-1015,-275,0,-966,-549,-703,-779
2024-01-10,5,26028,33465,23948,1740,6488,0,15905,0,1141,1623,-1616,-4,-1016,-275,0,-957,-463,-586,-779
2024-01-10,6,25880,33297,23697,1715,6488,0,15905,0,1143,1313,-1607,-4,-1016,-274,0,-956,-455,-583,-779
2024-01-10,7,25222,32859,23024,1698,6488,0,15905,0,1128,1271,-1679,-4,-1016,-220,0,-956,-493,-762,-779
2024-01-10,8,25112,32851,22870,1681,6488,0,15905,0,1082,1306,-1688,-4,-1015,-309,0,-956,-526,-780,-779
2024-01-10,9,24997,33162,22767,1677,6488,0,15905,0,900,1411,-1985,-4,-779,-224,0,-1009,-894,-991,-779
2024-01-10,10,24834,32771,22630,1673,6488,0,15905,0,564,1309,-2003,-4,-762,-197,-40,-1011,-971,-1006,-779
2024-01-10,11,25499,32994,23241,1680,6488,0,15905,0,406,1453,-2051,-4,-187,-56,-1,-1021,-1364,-1007,-798
2024-01-10,12,26741,33777,24404,1686,6488,0,15905,0,39,1490,-2054,-4,-149,67,29,-1018,-1383,-994,-795
2024-01-11,46,29965,34420,26991,1099,6488,0,15905,0,20,-703,-1120,-4,497,-451,-531,-544,-11,-381,-793
2024-01-10,13,29628,34887,27102,1667,6488,0,15905,0,15,1828,-2050,-4,355,217,172,-569,-989,-545,-487
2024-01-10,14,32123,37219,29412,1648,6488,0,15905,0,12,1919,-2051,-4,398,346,301,-549,-910,-516,-454
2024-01-10,15,34757,38740,31714,1627,6488,0,15905,0,85,2001,-2054,-4,575,293,208,-172,-524,-514,-30
2024-01-10,16,36331,40071,33089,1606,6488,0,15905,0,11,2027,-2012,-4,582,154,101,-158,-446,-509,0
2024-01-10,17,38018,40275,34675,1589,6488,9,15905,0,11,1764,-883,-4,934,21,3,-330,-69,-360,0
2024-01-10,18,38559,40630,35066,1571,6488,308,15905,0,8,1581,-789,-4,976,0,0,-315,8,-344,-11
2024-01-10,19,39398,41139,35891,1595,6488,1168,15905,0,5,1388,-581,-4,868,-68,-64,534,385,-80,-339
2024-01-10,20,39459,41337,35894,1618,6488,2121,15905,0,7,1091,-556,-4,866,-219,-69,586,419,-59,-364
2024-01-10,21,39052,40910,35521,1670,6488,3001,15905,0,8,1012,-323,-4,975,-370,-35,649,267,54,-518
2024-01-10,22,38483,40364,34928,1721,6488,3533,15905,0,8,751,-299,-4,982,-450,-3,647,231,63,-517
2024-01-10,23,38395,39776,34836,1784,6488,3928,15905,0,7,793,-181,-4,1004,-450,-100,150,22,119,-39
2024-01-10,24,38114,39476,34561,1847,6488,4198,15905,0,7,807,-174,-4,1004,-450,-118,127,-5,121,-4
2024-01-10,25,37971,39763,34432,1889,6488,4246,15905,0,7,777,-288,-4,1003,-450,-257,186,-5,45,-181
2024-01-10,26,37854,39797,34310,1930,6488,4160,15905,0,7,932,-313,-4,1003,-450,-363,188,17,28,-206
2024-01-10,27,37829,41370,34358,1920,6488,3717,15905,0,5,1265,-995,-4,973,-450,-327,6,278,-400,-760
2024-01-10,28,37841,41498,34334,1909,6488,3262,15905,0,7,1411,-1050,-4,972,-450,-320,0,317,-428,-798
2024-01-10,29,37696,41799,34257,1870,6488,2693,15905,0,11,1672,-1452,-4,805,-447,-345,0,395,-446,-798
2024-01-10,30,38211,42320,34933,1830,6488,1915,15905,0,17,1944,-1471,-4,791,-450,-321,0,378,-448,-798
2024-01-10,31,38854,42660,35499,1812,6488,957,15905,0,7,1975,-1234,-4,374,-450,-172,-75,38,-466,-798
2024-01-10,32,39701,43482,36387,1793,6488,207,15905,0,6,2388,-1207,-4,316,-425,-209,-78,-1,-460,-791
2024-01-10,33,40653,43700,37198,1801,6488,4,15905,0,5,2935,-872,-4,204,-429,-361,81,28,-250,-526
2024-01-10,34,42019,45173,38523,1808,6488,0,15905,0,4,3016,-842,-4,202,-450,-501,87,61,-244,-509
2024-01-10,35,42742,45797,39189,1817,6488,0,15905,0,4,3068,-484,-4,276,-450,-531,3,434,-473,-509
2024-01-10,36,42791,45817,39186,1826,6488,0,15905,0,4,2809,-450,-4,280,-450,-531,0,502,-487,-500
2024-01-10,37,42628,44969,39108,1820,6488,0,15905,0,5,2894,-82,-4,361,-450,-531,0,784,-487,-182
2024-01-10,38,42133,44400,38654,1814,6488,0,15905,0,5,2973,-59,-4,370,-450,-518,0,804,-472,-159
2024-01-10,39,41723,43287,38390,1798,6488,0,15905,0,8,2714,10,-4,866,-450,-397,37,621,51,-105
2024-01-10,40,40321,41849,37133,1782,6488,0,15905,0,12,2708,-7,-4,890,-450,-360,40,578,76,-95
2024-01-10,41,39171,41329,36061,1750,6488,0,15905,0,11,2900,-595,-4,818,-450,-276,2,317,-222,0
2024-01-10,42,37738,39910,34825,1717,6488,0,15905,0,8,2956,-674,-4,816,-432,-206,-1,266,-247,0
2024-01-10,43,36149,39421,33420,1662,6488,0,15905,0,10,3246,-1384,-4,765,-332,-57,-351,26,-421,-113
2024-01-10,44,34439,37831,31817,1607,6488,0,15905,0,12,2895,-1429,-4,764,-423,-1,-365,-5,-431,-122
2024-01-10,45,31927,35748,29422,1547,6488,0,15905,0,12,2717,-1445,-4,784,-450,-40,-655,-5,-381,-229
2024-01-10,46,29860,33617,27542,1487,6488,0,15905,0,15,2709,-1453,-4,711,-382,0,-665,3,-388,-250
2024-01-10,47,28185,33526,25965,1524,6488,0,15905,0,65,2914,-1665,-4,-443,-307,-64,-702,118,-774,-717
2024-01-10,48,27057,33291,24928,1561,6488,0,15905,0,681,2834,-1676,-4,-509,-300,-215,-702,127,-800,-747
2024-01-11,1,26858,33339,24774,1539,6488,0,15905,0,1253,2752,-1495,-4,-683,-300,-344,-377,72,-852,-573
2024-01-11,2,27318,33710,25231,1517,6488,0,15905,0,1256,2971,-1484,-4,-685,-300,-295,-365,73,-852,-551
2024-01-11,3,27091,33137,25019,1514,6488,0,15905,0,1239,2927,-1555,-4,-405,-300,-409,-565,170,-725,-244
2024-01-11,4,26610,32660,24602,1510,6488,0,15905,0,1234,2726,-1553,-4,-393,-300,-454,-572,170,-717,-223
2024-01-11,5,26135,32263,24197,1497,6488,0,15905,0,1232,2404,-1432,-4,-528,-300,-418,-599,14,-727,-288
2024-01-11,6,25812,31986,23848,1483,6488,0,15905,0,1224,2367,-1427,-4,-534,-301,-455,-600,-7,-727,-295
2024-01-11,7,25510,32115,23475,1501,6488,0,15905,0,1217,2215,-1604,-4,-568,-301,-425,-821,-7,-719,-339
2024-01-11,8,25305,31975,23262,1519,6488,0,15905,0,1219,1777,-1616,-4,-578,-300,-444,-828,-7,-722,-352
2024-01-11,9,24928,32373,22924,1480,6488,0,15905,0,1127,1973,-1647,-4,-851,-300,-358,-958,-7,-881,-712
2024-01-11,10,24712,31995,22740,1440,6488,0,15905,0,990,1613,-1649,-4,-849,-300,-281,-962,-16,-895,-737
2024-01-11,11,25333,32063,23276,1431,6488,0,15905,0,456,1621,-2022,-4,-377,-283,-138,-918,-126,-1015,-791
2024-01-11,12,26671,33066,24483,1422,6488,0,15905,0,227,1694,-2056,-4,-353,-161,-151,-899,-125,-1023,-796
2024-01-11,13,29723,34540,27322,1366,6488,0,15905,0,19,1915,-2017,-4,-193,-24,-33,-107,64,-1024,-796
2024-01-11,14,32598,37252,29950,1309,6488,0,15905,0,12,1760,-1977,-4,-185,56,0,-68,117,-1012,-796
2024-01-11,15,35355,39584,32432,1266,6488,0,15905,0,9,1646,-905,-4,-703,11,0,-627,491,-585,-796
2024-01-11,16,36862,41034,33777,1222,6488,0,15905,0,11,2081,-804,-4,-668,-68,-15,-652,558,-557,-793
2024-01-11,17,38424,41152,35137,1199,6488,5,15905,0,12,1465,-198,-4,-3,-218,-141,-315,824,-519,-718
2024-01-11,18,38767,41509,35510,1175,6488,173,15905,0,8,1471,-122,-4,0,-296,-213,-296,833,-509,-694
2024-01-11,19,40122,41823,36787,1211,6488,613,15905,0,5,964,839,-4,209,-427,-358,269,539,-266,-41
2024-01-11,20,40130,41950,36688,1246,6488,1174,15905,0,13,603,909,-4,230,-450,-499,295,499,-254,0
2024-01-11,21,39621,41564,36174,1294,6488,1654,15905,0,13,365,312,-4,302,-450,-531,431,453,-345,0
2024-01-11,22,39465,41415,35955,1341,6488,2098,15905,0,10,-8,273,-4,308,-450,-531,436,418,-355,0
2024-01-11,23,39285,41374,35687,1391,6488,2261,15905,0,11,129,376,-4,500,-450,-531,412,43,-493,0
2024-01-11,24,39241,41351,35513,1441,6488,2342,15905,0,9,-168,373,-4,502,-451,-531,411,-5,-502,-8
2024-01-11,25,39153,41501,35564,1450,6488,2321,15905,0,8,6,138,-4,502,-450,-531,304,-5,-502,-248
2024-01-11,26,39200,41548,35625,1458,6488,2160,15905,0,8,85,127,-4,502,-450,-531,300,-5,-489,-261
2024-01-11,27,39367,41127,35784,1445,6488,1997,15905,0,7,198,464,-4,488,-450,-531,170,-5,-55,-108
2024-01-11,28,39273,40998,35719,1432,6488,1684,15905,0,8,199,506,-4,458,-450,-531,165,-5,-28,-99
2024-01-11,29,39223,41099,35697,1406,6488,1351,15905,0,8,199,1234,-4,2,-450,-531,140,-5,-2,-276
2024-01-11,30,39213,41109,35686,1379,6488,884,15905,0,14,301,1290,-4,0,-450,-531,139,-5,-2,-290
2024-01-11,31,39230,41847,35715,1409,6488,366,15905,0,8,628,1503,-4,-577,-450,-531,-65,-5,55,-377
2024-01-11,32,40169,42845,36535,1438,6488,73,15905,0,5,1014,1479,-4,-628,-450,-531,-73,-5,57,-380
2024-01-11,33,40748,42608,36943,1434,6488,1,15905,0,6,950,395,-4,413,-450,-531,115,-5,-17,-247
2024-01-11,34,41752,43600,37860,1429,6488,0,15905,0,6,750,322,-4,471,-450,-531,121,4,-24,-233
2024-01-11,35,42076,43813,37985,1420,6488,0,15905,0,6,544,691,-4,464,-450,-531,4,109,-42,-104
2024-01-11,36,42069,43787,38003,1411,6488,0,15905,0,6,517,707,-4,464,-450,-531,0,119,-43,-84
2024-01-11,37,41842,43476,37824,1394,6488,0,15905,0,6,335,367,-4,652,-450,-531,47,87,-43,59
2024-01-11,38,41288,42924,37321,1376,6488,0,15905,0,6,220,349,-4,666,-450,-531,58,78,-45,69
2024-01-11,39,40622,42356,36741,1333,6488,0,15905,0,10,86,450,-4,704,-450,-531,682,5,-139,8
2024-01-11,40,39340,41096,35611,1289,6488,0,15905,0,15,-256,438,-4,706,-450,-531,713,-5,-147,-4
2024-01-11,41,38237,40462,34561,1261,6488,0,15905,0,11,-594,-133,-4,719,-451,-531,451,-5,-220,-270
2024-01-11,42,36866,39201,33347,1232,6488,0,15905,0,8,-578,-210,-4,720,-451,-531,430,-5,-229,-297
2024-01-11,43,35300,39038,31934,1189,6488,0,15905,0,12,-575,-895,-4,566,-451,-531,-246,-5,-367,-627
2024-01-11,44,33489,37346,30323,1145,6488,0,15905,0,13,-473,-941,-4,560,-451,-531,-283,-5,-375,-654
2024-01-11,45,31683,36076,28622,1122,6488,0,15905,0,13,-503,-1095,-4,525,-451,-531,-534,-5,-376,-784
2024-01-11,47,27866,33663,25053,1053,6488,0,15905,0,96,-447,-1561,-4,-220,-451,-531,-890,-71,-580,-793
2024-01-11,48,26718,32793,24002,1007,6488,0,15905,0,300,-525,-1584,-4,-246,-451,-531,-903,-74,-592,-790
2024-01-12,1,26508,32830,23855,982,6488,0,15905,0,822,-788,-1088,-4,-740,-451,-531,-845,-14,-611,-616
2024-01-12,2,26853,33586,24201,957,6488,0,15905,0,1264,-548,-1056,-4,-765,-451,-531,-843,-7,-611,-601
2024-01-12,3,26861,33405,24222,934,6488,0,15905,0,1254,-518,-979,-4,-766,-451,-531,-800,-7,-594,-558
2024-01-12,4,26686,33208,24094,910,6488,0,15905,0,1254,-381,-973,-4,-759,-451,-531,-799,-7,-593,-551
2024-01-12,5,26413,32254,23847,882,6488,0,15905,0,1150,-587,-883,-4,-540,-451,-531,-684,-7,-593,-398
2024-01-12,6,26063,31972,23485,854,6488,0,15905,0,1235,-810,-878,-4,-540,-451,-531,-680,-7,-594,-389
2024-01-12,7,25819,31694,23231,857,6488,0,15905,0,1105,-921,-883,-4,-592,-452,-531,-573,-7,-632,-496
2024-01-12,8,25338,31365,22778,860,6488,0,15905,0,1224,-655,-900,-4,-594,-451,-531,-570,-7,-636,-510
2024-01-12,9,24864,31978,22383,832,6488,0,15905,0,968,-410,-1472,-4,-932,-451,-531,-797,-7,-690,-662
2024-01-12,10,25013,32239,22511,804,6488,0,15905,0,973,-550,-1521,-4,-946,-451,-531,-805,-16,-703,-676
2024-01-12,11,25647,33135,23131,793,6488,0,15905,0,323,-393,-1987,-4,-720,-451,-516,-996,-125,-1003,-763
2024-01-12,12,26555,33778,24002,781,6488,0,15905,0,203,-192,-1964,-4,-710,-431,-389,-1002,-129,-1023,-768
2024-01-12,13,29151,34428,26373,748,6488,0,15905,0,23,123,-781,-4,-675,-304,-237,-870,-21,-1014,-748
2024-01-12,14,31478,36408,28557,715,6488,0,15905,0,22,457,-677,-4,-622,-248,-146,-860,-5,-1008,-738
2024-01-12,15,34354,37748,31104,696,6488,0,15905,0,20,494,-467,-4,-3,-391,-278,-313,2,-799,-519
2024-01-12,16,36192,39666,32783,676,6488,0,15905,0,14,560,-425,-4,0,-451,-429,-288,27,-765,-498
2024-01-12,17,37913,40220,34262,661,6488,0,15905,0,13,236,471,-4,322,-451,-528,-400,337,-54,-257
2024-01-12,18,38649,40867,34965,646,6488,32,15905,0,10,437,561,-4,364,-451,-531,-383,405,-6,-233
2024-01-12,19,39881,41481,36186,658,6488,174,15905,0,9,-120,1196,-4,601,-452,-530,460,779,33,-5
2024-01-12,20,40117,41710,36386,669,6488,384,15905,0,7,-120,1248,-4,611,-451,-531,512,845,48,5
2024-01-12,21,40719,42313,36985,667,6488,584,15905,0,7,-466,1765,-4,722,-452,-531,587,1094,517,115
2024-01-12,22,40814,42406,37127,664,6488,761,15905,0,6,-289,1801,-4,726,-451,-531,589,1105,555,123
2024-01-12,23,40959,42551,37278,662,6488,846,15905,0,6,-310,1910,-4,841,-451,-531,756,853,856,231
2024-01-12,24,41113,42706,37409,659,6488,787,15905,0,6,-246,1922,-4,845,-452,-531,763,822,877,236
2024-01-12,25,40755,42348,37160,655,6488,781,15905,0,6,29,2004,-4,839,-452,-531,702,831,900,24
2024-01-12,26,40901,42492,37297,651,6488,735,15905,0,5,159,2006,-4,840,-451,-531,699,837,889,0
2024-01-12,27,40634,42226,37046,660,6488,665,15905,0,6,443,1917,-4,915,-451,-531,876,895,472,0
2024-01-12,28,40464,42057,36947,668,6488,575,15905,0,7,542,1911,-4,913,-452,-530,882,914,442,0
2024-01-12,29,40109,41704,36648,686,6488,433,15905,0,8,1107,1852,-4,396,-452,-531,642,1073,340,0
2024-01-12,30,39747,41348,36457,704,6488,285,15905,0,16,1434,1833,-4,358,-451,-530,632,1070,333,0
2024-01-12,31,39558,41150,36258,745,6488,126,15905,0,5,1778,1276,-4,3,-452,-531,308,775,319,0
2024-01-12,32,40232,41823,36889,786,6488,27,15905,0,5,2142,1237,-4,0,-451,-531,295,737,313,0
2024-01-12,33,41130,42720,37617,822,6488,1,15905,0,4,2711,1154,-4,299,-452,-530,183,724,146,87
2024-01-12,34,41909,43497,38295,858,6488,0,15905,0,1,3011,1155,-4,330,-452,-531,181,699,136,96
2024-01-12,35,42371,43963,38748,878,6488,0,15905,0,5,3056,1437,-4,708,-452,-531,495,409,147,96
2024-01-12,36,42282,43873,38687,898,6488,0,15905,0,5,3132,1444,-4,755,-451,-531,507,375,147,100
2024-01-12,37,41671,43262,38170,915,6488,0,15905,0,4,3244,1094,-4,799,-452,-531,398,399,83,230
2024-01-12,38,40982,42571,37525,932,6488,0,15905,0,3,3446,1081,-4,802,-451,-531,393,402,92,242
2024-01-12,39,40126,41722,36820,964,6488,0,15905,0,9,3354,1444,-4,837,-452,-531,176,398,540,373
2024-01-12,40,38954,40552,35861,996,6488,0,15905,0,12,3046,1400,-4,841,-451,-531,169,390,553,388
2024-01-12,41,37462,39065,34440,1033,6488,0,15905,0,16,3208,80,-4,1001,-452,-531,144,293,30,627
2024-01-12,42,36214,37842,33352,1069,6488,0,15905,0,11,3126,-31,-4,1002,-451,-531,142,282,0,645
2024-01-12,43,34509,36617,31826,1105,6488,0,15905,0,12,3404,-509,-4,1002,-452,-531,85,288,25,558
2024-01-12,44,32980,35123,30480,1140,6488,0,15905,0,13,3596,-544,-4,1001,-451,-531,83,276,21,552
2024-01-12,45,31180,33871,28767,1195,6488,0,15905,0,17,3780,-730,-4,884,-451,-530,-129,123,-230,551
2024-01-12,46,29423,32121,27216,1250,6488,0,15905,0,18,3759,-718,-4,875,-452,-531,-136,133,-239,552
2024-01-12,47,27658,29413,25560,1325,6488,0,15905,0,18,4135,171,-4,358,-452,-530,-151,507,4,639
2024-01-12,48,26137,27891,24319,1399,6488,0,15905,0,15,4025,249,-4,332,-452,-531,-152,583,20,647
2024-01-13,1,25661,27306,23991,1444,6488,0,15905,0,54,3858,251,-4,290,-451,-531,-5,955,19,667
2024-01-13,2,26057,27728,24345,1488,6488,0,15905,0,85,3720,251,-4,289,-452,-530,0,1027,16,671
2024-01-13,3,25447,27906,23840,1496,6488,0,15905,0,907,3821,249,-4,301,-389,-530,16,1357,-29,715
2024-01-13,4,24652,27179,23128,1503,6488,0,15905,0,1011,3790,249,-4,302,-351,-530,17,1399,-31,718
2024-01-13,5,23967,27005,22596,1506,6488,0,15905,0,1475,3741,298,-4,296,-351,-531,-43,1399,-34,718
2024-01-13,6,23647,26726,22345,1508,6488,0,15905,0,1514,3472,291,-4,296,-351,-530,-45,1399,-35,721
2024-01-13,7,23692,26738,22242,1485,6488,0,15905,0,1354,3703,-55,-4,383,-351,-531,-119,1399,-32,764
2024-01-13,8,23398,26540,21817,1462,6488,0,15905,0,1433,3735,-70,-4,378,-351,-531,-122,1399,-31,766
2024-01-13,9,23313,26333,21786,1423,6488,0,15905,0,1502,3784,26,-4,116,-351,-531,-32,1399,13,766
2024-01-13,10,23205,26164,21605,1384,6488,0,15905,0,1445,3674,29,-4,115,-351,-531,-28,1380,19,766
2024-01-13,11,23495,26316,21776,1330,6488,0,15905,0,1293,3611,-43,-4,264,-351,-530,66,1150,19,766
2024-01-13,12,23882,26760,22043,1275,6488,0,15905,0,1347,3421,-45,-4,270,-351,-531,69,1140,19,765
2024-01-13,13,25144,27357,23099,1208,6488,0,15905,0,608,3153,204,-4,436,-414,-530,-57,1370,19,723
2024-01-13,14,26322,28272,24192,1140,6488,0,15905,0,300,3151,253,-4,442,-451,-530,-61,1399,-4,718
2024-01-13,15,27771,30664,25504,1119,6488,0,15905,0,14,3590,-758,-4,159,-452,-504,-266,1399,-295,762
2024-01-13,16,28988,31932,26608,1098,6488,0,15905,0,12,3838,-836,-4,151,-452,-460,-273,1398,-307,766
2024-01-13,17,31014,32959,28436,1096,6488,3,15905,0,9,3534,-121,-4,633,-452,-311,-344,1398,-104,766
2024-01-13,18,32069,33876,29392,1093,6488,130,15905,0,8,3337,-48,-4,656,-442,-284,-346,1398,-75,766
2024-01-13,19,33958,35574,31131,1105,6488,622,15905,0,6,3151,1290,-4,773,-452,-433,-121,1398,505,766
2024-01-13,20,34260,35910,31377,1117,6488,1177,15905,0,8,3012,1545,-4,778,-452,-486,-100,1399,547,766
2024-01-13,21,34498,36091,31566,1100,6488,1764,15905,0,7,2706,1335,-4,689,-452,-530,607,1398,725,766
2024-01-13,22,34420,36013,31437,1082,6488,2238,15905,0,6,2516,1325,-4,686,-452,-531,646,1398,737,766
2024-01-13,23,34664,36255,31624,1090,6488,2744,15905,0,6,2423,1627,-4,794,-451,-530,822,1399,737,765
2024-01-13,24,34614,36205,31604,1097,6488,2922,15905,0,6,2443,1643,-4,795,-451,-530,828,1398,737,766
2024-01-13,25,34465,36057,31497,1106,6488,2848,15905,0,6,2521,1579,-4,590,-451,-531,508,1398,736,766
2024-01-13,26,34407,35998,31473,1114,6488,2530,15905,0,5,2417,1573,-4,590,-451,-531,496,1399,736,766
2024-01-13,27,34327,35919,31472,1099,6488,2251,15905,0,6,2481,1490,-4,721,-451,-531,433,1399,736,766
2024-01-13,28,34228,35820,31418,1084,6488,1894,15905,0,6,2702,1485,-4,726,-451,-531,431,1399,736,765
2024-01-13,29,34817,36408,32010,1081,6488,1504,15905,0,5,2798,1532,-4,594,-451,-531,481,1399,710,766
2024-01-13,30,35319,36915,32379,1077,6488,1028,15905,0,11,2648,1533,-4,564,-451,-530,471,1399,712,766
2024-01-13,31,35359,37165,32403,1089,6488,473,15905,0,7,2587,1470,-4,178,-451,-531,-213,1399,823,766
2024-01-13,32,35873,37713,32869,1101,6488,118,15905,0,7,2565,1453,-4,177,-451,-531,-247,1399,833,766
2024-01-13,33,36712,38303,33587,1115,6488,4,15905,0,6,2749,936,-4,105,-451,-530,135,1399,908,766
2024-01-13,34,38168,39757,34965,1128,6488,0,15905,0,3,2942,890,-4,104,-451,-531,149,1399,915,777
2024-01-13,35,39427,41018,35974,1133,6488,0,15905,0,4,2589,390,-4,706,-452,-531,271,1399,991,778
2024-01-13,36,39854,41445,36289,1137,6488,0,15905,0,4,2538,378,-4,791,-452,-531,275,1399,997,778
2024-01-13,37,39440,41055,35950,1123,6488,0,15905,0,2,2253,1086,-4,995,-452,-531,-26,1399,999,778
2024-01-13,38,38486,40115,35063,1109,6488,0,15905,0,5,2069,1133,-4,1004,-451,-531,-38,1399,986,778
2024-01-13,39,37457,39056,34153,1083,6488,0,15905,0,12,1974,1160,-4,1003,-452,-531,23,1399,550,778
2024-01-13,40,36542,38138,33407,1057,6488,0,15905,0,9,1975,1154,-4,1004,-452,-531,26,1399,515,778
2024-01-13,41,35251,36981,32207,1036,6488,0,15905,0,8,1924,839,-4,1004,-451,-530,-137,1399,278,778
2024-01-13,42,34270,36009,31295,1014,6488,0,15905,0,11,2156,813,-4,1004,-451,-531,-142,1399,262,778
2024-01-13,43,33047,34807,30156,999,6488,0,15905,0,11,2347,603,-4,939,-452,-531,-162,1399,233,778
2024-01-13,44,31857,33612,29027,983,6488,0,15905,0,7,2331,571,-4,937,-451,-530,-163,1399,231,778
2024-01-13,45,30514,32507,27782,958,6488,0,15905,0,4,2378,22,-4,943,-452,-530,-403,1399,233,778
2024-01-13,46,28798,30796,26324,933,6488,0,15905,0,11,2095,78,-4,944,-452,-529,-402,1399,249,778
2024-01-13,47,27601,29134,25145,904,6488,0,15905,0,15,2010,1504,-4,1001,-452,-462,222,1399,798,778
2024-01-13,48,26369,27891,23981,874,6488,0,15905,0,21,2178,1696,-4,1003,-451,-446,260,1399,836,778
2024-01-14,1,26400,27974,24100,877,6488,0,15905,0,19,2056,1912,-4,1003,-451,-500,822,1399,989,778
2024-01-14,2,27103,28566,24814,879,6488,0,15905,0,18,2207,1925,-4,1003,-452,-389,849,1399,994,778
2024-01-14,3,26442,27958,24195,881,6488,0,15905,0,20,2342,1753,-4,1004,-452,-440,751,1399,839,778
2024-01-14,4,25824,27469,23582,882,6488,0,15905,0,65,2438,1752,-4,1004,-451,-525,748,1399,831,778
2024-01-14,5,25081,27390,22961,893,6488,0,15905,0,816,2320,1975,-4,1003,-452,-437,935,1399,897,778
2024-01-14,6,24733,27468,22605,904,6488,0,15905,0,1232,2191,1992,-4,1004,-452,-447,942,1399,897,778
2024-01-14,7,24324,27131,22245,919,6488,0,15905,0,1221,2474,1863,-4,860,-451,-531,878,1399,759,778
2024-01-14,8,23889,26628,21845,933,6488,0,15905,0,1152,2135,1853,-4,855,-452,-531,876,1399,746,778
2024-01-14,9,23609,26409,21627,956,6488,0,15905,0,1213,2040,1700,-4,854,-452,-531,793,1399,614,778
2024-01-14,10,23107,25891,21087,979,6488,0,15905,0,1219,2033,1691,-4,855,-452,-509,789,1399,609,778
2024-01-14,11,22912,25617,20926,1006,6488,0,15905,0,1269,1793,1714,-4,769,-452,-380,765,1399,751,778
2024-01-14,12,23138,25790,21121,1032,6488,0,15905,0,1263,1819,1711,-4,766,-452,-333,765,1399,750,778
2024-01-14,13,23756,25896,21702,1050,6488,0,15905,0,802,1898,1611,-4,947,-451,-283,717,1399,407,778
2024-01-14,14,24314,26300,22255,1068,6488,0,15905,0,647,2002,1605,-4,954,-452,-283,712,1399,378,778
2024-01-14,15,25446,26905,23292,1099,6488,0,15905,0,146,2550,1627,-4,577,-452,-257,262,1399,118,778
2024-01-14,16,26191,27581,23988,1130,6488,0,15905,0,74,2550,1625,-4,528,-452,-260,242,1399,102,778
2024-01-14,17,27482,28650,25210,1172,6488,4,15905,0,16,2626,1479,-4,351,-436,-112,169,1399,91,789
2024-01-14,18,29538,30596,27159,1213,6488,189,15905,0,10,2721,1474,-4,356,-337,-107,167,1399,108,789
2024-01-14,19,30948,32238,28337,1256,6488,631,15905,0,13,2760,1579,-4,553,-415,-258,26,1399,714,733
2024-01-14,20,31737,33075,29054,1298,6488,1164,15905,0,13,2710,1591,-4,562,-357,-364,28,1399,754,719
2024-01-14,21,32697,34257,29921,1361,6488,1648,15905,0,13,2597,1753,-4,909,-442,-501,567,1399,777,741
2024-01-14,22,33136,34726,30319,1424,6488,2170,15905,0,13,2574,1761,-4,924,-452,-521,592,1399,778,744
2024-01-14,23,32981,34574,30166,1524,6488,2355,15905,0,13,2528,1680,-4,999,-446,-530,579,1399,812,766
2024-01-14,24,33314,34913,30464,1624,6488,2500,15905,0,13,2602,1671,-4,1003,-452,-530,578,1399,817,766
2024-01-14,25,33550,35150,30677,1734,6488,2804,15905,0,13,2534,1563,-4,902,-452,-531,654,1399,910,773
2024-01-14,26,33954,35544,31046,1844,6488,2832,15905,0,4,2608,1555,-4,901,-452,-530,656,1398,915,778
2024-01-14,27,33934,35504,31061,1889,6488,2461,15905,0,8,2593,1534,-4,747,-427,-531,584,1397,849,768
2024-01-14,28,34095,35624,31279,1933,6488,2101,15905,0,8,2609,1533,-4,738,-393,-524,582,1398,843,766
2024-01-14,29,34193,35575,31446,1934,6488,1620,15905,0,8,3061,1562,-4,312,-346,-424,633,1398,778,743
2024-01-14,30,34718,36086,31941,1934,6488,1125,15905,0,7,3191,1552,-4,292,-315,-442,634,1398,763,727
2024-01-14,31,35577,36961,32795,1918,6488,556,15905,0,7,3315,1182,-4,350,-322,-451,342,1398,371,719
2024-01-14,32,36584,37872,33770,1902,6488,157,15905,0,9,3128,1158,-4,353,-327,-348,331,1399,353,719
2024-01-14,33,37988,39445,35029,1940,6488,5,15905,0,6,3120,1247,-4,416,-402,-445,356,1398,591,719
2024-01-14,34,39237,40730,36092,1977,6488,0,15905,0,6,3151,1269,-4,420,-415,-468,357,1398,611,719
2024-01-14,35,40529,42120,37158,2005,6488,0,15905,0,5,2797,1944,-4,843,-452,-530,538,1399,781,764
2024-01-14,36,40817,42411,37401,2033,6488,0,15905,0,7,2880,1968,-4,901,-452,-531,543,1399,781,766
2024-01-14,37,39849,41441,36553,2057,6488,0,15905,0,5,2841,1392,-4,999,-452,-531,234,1399,394,766
2024-01-14,38,38934,40505,35716,2081,6488,0,15905,0,5,2719,1332,-4,1004,-452,-510,221,1399,364,767
2024-01-14,39,37587,39110,34499,2104,6488,0,15905,0,8,2775,502,-4,1003,-451,-378,-82,1398,184,766
2024-01-14,40,36415,37895,33437,2126,6488,0,15905,0,9,2768,458,-4,1004,-452,-321,-94,1399,169,766
2024-01-14,41,35234,36478,32377,2164,6488,0,15905,0,8,2787,791,-4,1002,-451,-181,9,1399,40,766
2024-01-14,42,34122,35268,31418,2201,6488,0,15905,0,8,3012,817,-4,1002,-386,-148,12,1399,33,766
2024-01-14,43,32600,33646,30058,2225,6488,0,15905,0,11,3184,1098,-4,1002,-407,-24,0,1399,94,766
2024-01-14,44,31217,32283,28807,2248,6488,0,15905,0,11,3084,1123,-4,1002,-426,-25,0,1399,94,766
2024-01-14,45,29664,30923,27370,2288,6488,0,15905,0,17,3151,1348,-4,931,-427,-156,127,1399,-55,766
2024-01-14,46,27722,29394,25574,2327,6488,0,15905,0,419,3370,1367,-4,927,-419,-176,140,1399,-54,774
2024-01-14,47,25768,28359,23810,2297,6488,0,15905,0,1326,3292,1418,-4,1000,-445,-216,756,1399,344,778
2024-01-14,48,24776,27486,22980,2267,6488,0,15905,0,1561,3575,1421,-4,1003,-435,-110,788,1399,368,778
